#JobTime,MS_LOC_X,MS_LOC_Y,MS_LOC_Z,SP_MAGNITUDE
#Time,DD:MM:YY:HH:MM:SS,,,
25:02:10:10:57:49,684.52,-667.76,-1535.13,0.501
25:02:10:10:57:49,684.52,-667.76,-1535.13,0.501
25:02:10:11:09:11,560.8,-403.68,-1590.87,0.526
25:02:10:11:09:11,560.8,-403.68,-1590.87,0.526
25:02:10:11:09:38,620.6,-535.98,-1553.43,0.509
25:02:10:11:09:38,590.75,-676.25,-1531.46,0.413
25:02:10:11:09:38,590.75,-676.25,-1531.46,0.413
25:02:10:11:09:45,627.5,-665.44,-1541.91,0.464
25:02:10:11:09:46,606.07,-736.37,-1559.84,0.504
25:02:10:11:09:46,606.07,-736.37,-1559.84,0.504
25:02:10:11:09:47,635.96,-544.92,-1514.03,0.503
25:02:10:11:09:47,644.76,-524.61,-1580.39,0.56
25:02:10:11:09:49,647.78,-583.1,-1609.02,0.565
25:02:10:11:09:51,638.51,-585.65,-1699.17,0.7
25:02:10:11:09:52,537.45,-883.4,-1554.8,0.532
25:02:10:11:09:52,537.45,-883.4,-1554.8,0.532
25:02:10:11:09:52,614.54,-508.24,-1602.81,0.643
25:02:10:11:09:52,620.22,-490.59,-1587.61,0.555
25:02:10:11:09:53,773.14,-681.06,-1677.49,0.854
25:02:10:11:09:53,773.14,-681.06,-1677.49,0.854
25:02:10:11:09:54,641.17,-589.88,-1587.75,0.582
25:02:10:11:09:56,645.95,-638.65,-1577.2,0.492
25:02:10:11:09:57,584.8,-591.97,-1603.93,0.546
25:02:10:11:09:58,558.98,-416.84,-1578.97,0.494
25:02:10:11:09:58,558.98,-416.84,-1578.97,0.494
25:02:10:11:09:58,649.69,-563.87,-1621.85,0.779
25:02:10:11:09:59,639.58,-558.13,-1601.7,0.637
25:02:10:11:09:59,566.7,-623.48,-1619.59,0.588
25:02:10:11:09:59,636.2,-609.56,-1606.96,0.683
25:02:10:11:10:00,649.94,-702.72,-1586.82,0.565
25:02:10:11:10:01,635.84,-573.05,-1588.44,0.687
25:02:10:11:10:05,618.22,-540.73,-1582.95,0.658
25:02:10:11:10:07,609.54,-743.91,-1556.39,0.471
25:02:10:11:10:07,609.54,-743.91,-1556.39,0.471
25:02:10:11:10:08,622.63,-577.89,-1565.67,0.561
25:02:10:11:10:11,615.44,-531.23,-1582.51,0.582
25:02:10:11:10:16,592.9,-560.95,-1535,0.592
25:02:10:11:10:16,633.12,-689.26,-1572.91,0.606
25:02:10:11:10:17,631.77,-584.09,-1587.07,0.699
25:02:10:11:10:21,620.85,-558.2,-1565.44,0.706
25:02:10:11:10:25,615.59,-493.43,-1578.64,0.569
25:02:10:11:10:28,639.26,-674.87,-1587.92,0.554
25:02:10:11:10:29,577.99,-418.89,-1577.27,0.614
25:02:10:11:10:29,577.99,-418.89,-1577.27,0.614
25:02:10:11:10:29,551.81,-573.22,-1645.99,0.534
25:02:10:11:10:29,406.39,-339.45,-1606.36,0.463
25:02:10:11:10:30,587.86,-469.01,-1554.87,0.553
25:02:10:11:10:32,628.51,-624.77,-1627.79,0.547
25:02:10:11:10:32,559.53,-426.68,-1547.07,0.489
25:02:10:11:10:32,559.53,-426.68,-1547.07,0.489
25:02:10:11:10:46,662.02,-564.89,-1589.93,0.75
25:02:10:11:10:52,646.33,-598.31,-1582.34,0.654
25:02:10:11:10:56,585.9,-548.16,-1503.99,0.48
25:02:10:11:10:58,528.16,-472.42,-1759.27,0.623
25:02:10:11:10:59,631.85,-608.51,-1606.31,0.605
25:02:10:11:11:01,580.01,-842.38,-1570.9,0.525
25:02:10:11:11:01,580.01,-842.38,-1570.9,0.525
25:02:10:11:11:02,603.11,-435.17,-1611.57,0.596
25:02:10:11:11:09,655.89,-600.45,-1578.52,0.564
25:02:10:11:11:21,641.19,-604.18,-1625.65,0.687
25:02:10:11:11:22,623.33,-714.55,-1562.08,0.534
25:02:10:11:11:22,351.11,-670.09,-1508.43,-0.002
25:02:10:11:11:22,599.92,-556.33,-1546.25,0.553
25:02:10:11:11:27,604.76,-574.8,-1540.4,0.563
25:02:10:11:11:27,593.17,-483.44,-1604.83,0.551
25:02:10:11:11:27,606.7,-551.59,-1569.1,0.499
25:02:10:11:11:29,633.34,-655.51,-1559.7,0.538
25:02:10:11:11:36,578.73,-491.14,-1573.33,0.531
25:02:10:11:11:37,478.28,-544.15,-1531.63,0.402
25:02:10:11:11:37,478.28,-544.15,-1531.63,0.696
25:02:10:11:11:39,617.23,-533.86,-1629.08,0.567
25:02:10:11:11:39,618.22,-559.4,-1550.44,0.506
25:02:10:11:11:39,462.08,-585.47,-1528.08,0.292
25:02:10:11:11:39,462.08,-585.47,-1528.08,0.598
25:02:10:11:11:40,613.57,-587.9,-1537.15,0.546
25:02:10:11:11:42,633.06,-540.2,-1598.05,0.55
25:02:10:11:11:57,617.97,-556.09,-1559.4,0.513
25:02:10:11:11:57,638.63,-701.8,-1591.03,0.486
25:02:10:11:11:58,631.12,-673.96,-1596.12,0.52
25:02:10:11:12:01,510.92,-560.18,-1519.64,0.393
25:02:10:11:12:01,510.92,-560.18,-1519.64,0.393
25:02:10:11:12:02,627.84,-568.87,-1574.43,0.522
25:02:10:11:12:10,604.89,-521.88,-1529.26,0.496
25:02:10:11:12:19,625.05,-559.67,-1553.82,0.572
25:02:10:11:12:20,619.23,-569.18,-1551.69,0.469
25:02:10:11:12:21,479.29,-336.74,-1566.19,0.481
25:02:10:11:12:21,479.29,-336.74,-1566.19,0.481
25:02:10:11:12:22,620.82,-594.43,-1557.2,0.509
25:02:10:11:12:23,647.35,-658.6,-1574.77,0.541
25:02:10:11:12:24,623.45,-631.9,-1561.1,0.547
25:02:10:11:12:24,614.51,-498.45,-1590.4,0.489
25:02:10:11:12:26,612.9,-562.34,-1560.77,0.58
25:02:10:11:12:29,629.33,-666.37,-1589.87,0.616
25:02:10:11:12:30,636.29,-536.19,-1554.81,0.563
25:02:10:11:12:42,601.9,-494.43,-1584.08,0.555
25:02:10:11:12:53,630.26,-685.7,-1574.63,0.513
25:02:10:11:12:55,621.13,-455.47,-1621.63,0.659
25:02:10:11:12:57,635.17,-679.09,-1636.5,0.577
25:02:10:11:12:57,587.03,-473.13,-1547.7,0.488
25:02:10:11:12:58,599.4,-531.83,-1562.34,0.458
25:02:10:11:12:58,636.51,-663.28,-1548.6,0.503
25:02:10:11:13:09,595.74,-603.45,-1524.34,0.408
25:02:10:11:13:15,579.81,-548.44,-1559.61,0.497
25:02:10:11:13:18,628.03,-535.9,-1568.1,0.629
25:02:10:11:13:24,784.32,-697.11,-1619.18,0.906
25:02:10:11:13:24,784.32,-697.11,-1619.18,0.906
25:02:10:11:13:25,579.8,-530.68,-1568.74,0.481
25:02:10:11:13:27,629.57,-581.78,-1576.64,0.529
25:02:10:11:13:31,628.15,-564.24,-1568.47,0.573
25:02:10:11:13:34,635.68,-563.12,-1592.42,0.627
25:02:10:11:13:36,650.05,-616.95,-1593.33,0.563
25:02:10:11:13:36,631.58,-622.65,-1556.3,0.502
25:02:10:11:13:36,620.92,-590.76,-1580.21,0.484
25:02:10:11:13:37,544.41,-846.52,-1559.4,0.473
25:02:10:11:13:37,544.41,-846.52,-1559.4,0.473
25:02:10:11:13:39,773.02,-639.33,-1668.75,0.944
25:02:10:11:13:39,773.02,-639.33,-1668.75,0.948
25:02:10:11:13:40,612.02,-583.86,-1554.18,0.538
25:02:10:11:13:40,612.72,-521.68,-1574.49,0.48
25:02:10:11:13:41,622.28,-528.23,-1563.14,0.495
25:02:10:11:13:47,634.04,-649.49,-1511.86,0.52
25:02:10:11:13:48,608.65,-565.6,-1604.01,0.635
25:02:10:11:13:48,605.99,-670.93,-1489.24,0.438
25:02:10:11:13:49,622.35,-539.54,-1576.01,0.494
25:02:10:11:13:49,601.89,-589.09,-1530.25,0.454
25:02:10:11:13:57,638.55,-638.64,-1574.25,0.514
25:02:10:11:14:07,842.85,-752.32,-1559.88,1.033
25:02:10:11:14:07,842.85,-752.32,-1559.88,1.033
25:02:10:11:14:18,487.42,-361.75,-1550.44,0.426
25:02:10:11:14:18,487.42,-361.75,-1550.44,0.426
25:02:10:11:14:18,370.94,-597.52,-1476.35,-0.006
25:02:10:11:14:18,370.94,-597.52,-1476.35,-0.006
25:02:10:11:14:27,661.45,-601.72,-1580.76,0.589
25:02:10:11:14:28,781.51,-666.64,-1614.39,1.219
25:02:10:11:14:28,781.51,-666.64,-1614.39,1.127
25:02:10:11:14:39,630.89,-561.49,-1598.12,0.599
25:02:10:11:14:41,575.3,-450.79,-1557.13,0.542
25:02:10:11:14:41,575.3,-450.79,-1557.13,0.542
25:02:10:11:14:42,652.81,-620.06,-1653.26,0.71
25:02:10:11:14:42,609.59,-623.2,-1546.36,0.453
25:02:10:11:14:43,634.43,-683.15,-1556.67,0.508
25:02:10:11:14:59,606.6,-607.48,-1542.86,0.458
25:02:10:11:15:00,639.45,-522.46,-1662.78,0.663
25:02:10:11:15:08,648.19,-600.52,-1602.05,0.671
25:02:10:11:15:17,622.01,-578.36,-1577.43,0.671
25:02:10:11:15:18,585.77,-517.54,-1552.61,0.449
25:02:10:11:15:18,640.99,-609.46,-1579.89,0.584
25:02:10:11:15:18,620.38,-565.12,-1646.07,0.682
25:02:10:11:15:20,627.37,-618.19,-1560.48,0.606
25:02:10:11:15:21,353.96,-623.79,-1473.57,0.113
25:02:10:11:15:21,353.96,-623.79,-1473.57,0.113
25:02:10:11:15:21,593.86,-603.43,-1552.73,0.59
25:02:10:11:15:25,634.82,-662.72,-1580.62,0.562
25:02:10:11:15:29,617.44,-619.11,-1564.67,0.434
25:02:10:11:15:30,694.18,-582.17,-1653.65,0.717
25:02:10:11:15:32,626.64,-534.02,-1628.31,0.543
25:02:10:11:15:33,784.07,-701.32,-1683.16,0.933
25:02:10:11:15:33,784.07,-701.32,-1683.16,0.933
25:02:10:11:15:33,639.15,-540.46,-1617.78,0.627
25:02:10:11:15:34,627.19,-561.71,-1571.31,0.555
25:02:10:11:15:38,700.94,-575.68,-1647.09,0.822
25:02:10:11:15:38,593.53,-455.71,-1593.02,0.591
25:02:10:11:15:39,625.01,-553.51,-1579.03,0.583
25:02:10:11:15:40,624.48,-606.63,-1573.77,0.583
25:02:10:11:15:42,620.85,-588.4,-1572.57,0.557
25:02:10:11:15:42,637.39,-601.86,-1565.08,0.734
25:02:10:11:15:43,765.89,-665.9,-1639.64,0.812
25:02:10:11:15:43,765.89,-665.9,-1639.64,0.711
25:02:10:11:15:45,614.18,-551.64,-1517.34,0.432
25:02:10:11:15:47,621.57,-567.32,-1609.1,0.52
25:02:10:11:15:48,636.99,-589.61,-1510.64,0.463
25:02:10:11:15:53,616.27,-511.56,-1602.29,0.521
25:02:10:11:15:54,634.52,-587.35,-1604.91,0.486
25:02:10:11:15:54,637.43,-644.41,-1539.56,0.481
25:02:10:11:15:57,625.71,-590.14,-1597.11,0.531
25:02:10:11:15:57,661.2,-551.24,-1690.14,0.719
25:02:10:11:16:07,628.54,-573.99,-1582.85,0.566
25:02:10:11:16:09,588.31,-618.18,-1585.56,0.58
25:02:10:11:16:13,626.5,-615.55,-1549.24,0.535
25:02:10:11:16:26,613.33,-552.31,-1565.96,0.686
25:02:10:11:16:31,663.98,-540.78,-1676.43,0.692
25:02:10:11:16:38,645.43,-567.26,-1591.49,0.8
25:02:10:11:16:53,640.94,-630.46,-1562.59,0.514
25:02:10:11:16:54,640.68,-536.37,-1580.49,0.901
25:02:10:11:17:03,638.91,-572.58,-1593.88,0.536
25:02:10:11:17:11,631.8,-598.84,-1584.89,0.574
25:02:10:11:17:12,664.76,-626.93,-1670.66,0.657
25:02:10:11:17:36,613.49,-540.97,-1557.55,0.534
25:02:10:11:17:40,668.37,-587.15,-1588.82,0.692
25:02:10:11:17:40,654.76,-565.8,-1551.29,0.614
25:02:10:11:17:42,628.95,-541.18,-1609.26,0.565
25:02:10:11:17:42,597.56,-538.55,-1548.4,0.468
25:02:10:11:17:42,730.56,-625.68,-1590.14,0.733
25:02:10:11:17:50,620.43,-619.43,-1578.06,0.451
25:02:10:11:17:56,726.48,-606.42,-1596.62,0.763
25:02:10:11:18:12,632.6,-545.41,-1583.82,0.554
25:02:10:11:18:13,602.17,-623.21,-1553.05,0.721
25:02:10:11:18:16,624.18,-556.99,-1627.09,0.524
25:02:10:11:18:17,975.9,-549.89,-1600.08,1.35
25:02:10:11:18:17,975.9,-549.89,-1600.08,1.35
25:02:10:11:18:17,623.78,-532.34,-1601.82,0.57
25:02:10:11:18:18,597.55,-656.28,-1555.99,0.346
25:02:10:11:18:19,661.2,-668.73,-1584.49,0.745
25:02:10:11:18:25,446.75,-613.32,-1513.23,0.581
25:02:10:11:18:25,446.75,-613.32,-1513.23,0.948
25:02:10:11:18:31,748.91,-701.84,-1551.46,0.985
25:02:10:11:18:31,748.91,-701.84,-1551.46,0.985
25:02:10:11:18:31,748.91,-701.84,-1551.46,0.985
25:02:10:11:18:37,723.15,-692.27,-1613.09,0.712
25:02:10:11:18:41,736.87,-704.9,-1616.52,0.792
25:02:10:11:18:41,736.87,-704.9,-1616.52,0.781
25:02:10:11:18:47,602.61,-638.57,-1555.01,0.618
25:02:10:11:18:52,655.49,-534.9,-1635.84,0.701
25:02:10:11:18:58,722.96,-621.4,-1651.09,0.822
25:02:10:11:18:59,763.9,-627.13,-1566.01,0.801
25:02:10:11:18:59,763.9,-627.13,-1566.01,0.767
25:02:10:11:19:01,775.88,-648.3,-1560.92,0.807
25:02:10:11:19:01,775.88,-648.3,-1560.92,0.807
25:02:10:11:19:03,425.75,-613.08,-1528.73,0.175
25:02:10:11:19:05,674.83,-575.26,-1593.72,0.652
25:02:10:11:19:07,580.04,-560.2,-1563.29,0.473
25:02:10:11:19:08,641.18,-623.15,-1560,0.462
25:02:10:11:19:11,782.82,-703.54,-1636.17,0.878
25:02:10:11:19:11,782.82,-703.54,-1636.17,0.614
25:02:10:11:19:23,947.12,-714.95,-1740.87,1.403
25:02:10:11:19:23,947.12,-714.95,-1740.87,1.403
25:02:10:11:19:27,821.85,-805.19,-1408.59,0.868
25:02:10:11:19:34,629.45,-583.14,-1589.52,0.622
25:02:10:11:19:45,598.72,-602.6,-1559.86,0.44
25:02:10:11:19:50,625.46,-658.29,-1687.36,0.682
25:02:10:11:19:50,754.76,-688.73,-1599.35,0.853
25:02:10:11:19:50,754.76,-688.73,-1599.35,0.841
25:02:10:11:19:52,624.41,-564.29,-1539.38,0.453
25:02:10:11:19:53,1006.99,-636.88,-1525.77,1.304
25:02:10:11:19:53,1006.99,-636.88,-1525.77,1.304
25:02:10:11:19:56,670.91,-584.11,-1574.49,0.675
25:02:10:11:19:59,796.64,-624.44,-1649.53,0.921
25:02:10:11:19:59,796.64,-624.44,-1649.53,0.651
25:02:10:11:20:01,630.78,-598.63,-1559.73,0.553
25:02:10:11:20:03,785.34,-715.75,-1726.3,1.012
25:02:10:11:20:03,785.34,-715.75,-1726.3,1.012
25:02:10:11:20:05,598.71,-607.7,-1555.76,0.421
25:02:10:11:20:07,758.78,-712.69,-1738.62,0.953
25:02:10:11:20:07,758.78,-712.69,-1738.62,0.953
25:02:10:11:20:08,689.33,-638.07,-1588.62,0.741
25:02:10:11:20:10,727.38,-660.04,-1626.19,0.731
25:02:10:11:20:10,727.38,-660.04,-1626.19,0.731
25:02:10:11:20:11,614.37,-569.06,-1674.09,0.576
25:02:10:11:20:11,624.76,-588.25,-1657.34,0.677
25:02:10:11:20:12,729.45,-628.82,-1582.17,0.734
25:02:10:11:20:13,625.42,-563.08,-1546.43,0.665
25:02:10:11:20:14,839.75,-597.14,-1713.12,1.196
25:02:10:11:20:14,839.75,-597.14,-1713.12,1.196
25:02:10:11:20:16,634.05,-488.64,-1578.15,0.55
25:02:10:11:20:16,761.09,-682.73,-1626.1,0.789
25:02:10:11:20:16,761.09,-682.73,-1626.1,0.789
25:02:10:11:20:17,744.2,-718.79,-1558.01,0.693
25:02:10:11:20:17,589.97,-510.78,-1568.89,0.441
25:02:10:11:20:20,978.82,-486.78,-1597.76,1.336
25:02:10:11:20:20,978.82,-486.78,-1597.76,1.336
25:02:10:11:20:25,765.82,-686.83,-1725.9,0.909
25:02:10:11:20:25,765.82,-686.83,-1725.9,0.909
25:02:10:11:20:26,646.66,-545.05,-1551.17,0.598
25:02:10:11:20:26,752.9,-648.86,-1650.59,0.82
25:02:10:11:20:26,752.9,-648.86,-1650.59,0.82
25:02:10:11:20:31,768.67,-695.4,-1711.12,0.962
25:02:10:11:20:31,768.67,-695.4,-1711.12,0.969
25:02:10:11:20:35,822.14,-672.28,-1590.63,0.94
25:02:10:11:20:35,822.14,-672.28,-1590.63,0.792
25:02:10:11:20:36,635.14,-558.64,-1590,0.66
25:02:10:11:20:45,624.47,-558.99,-1578.81,0.592
25:02:10:11:20:55,617.3,-549.18,-1564.11,0.564
25:02:10:11:20:57,590.28,-544.87,-1537.29,0.473
25:02:10:11:21:13,781.94,-685.21,-1639.45,0.921
25:02:10:11:21:13,781.94,-685.21,-1639.45,0.889
25:02:10:11:21:13,601.79,-613.68,-1557.98,0.53
25:02:10:11:21:16,735.56,-717.14,-1605.86,0.842
25:02:10:11:21:16,735.56,-717.14,-1605.86,0.835
25:02:10:11:21:24,722.45,-600.2,-1592.25,0.759
25:02:10:11:21:36,630.65,-610.53,-1558.33,0.464
25:02:10:11:21:45,672.61,-503.24,-1671.83,0.776
25:02:10:11:21:52,611.99,-590.42,-1667.6,0.564
25:02:10:11:21:55,796.69,-689.29,-1487.44,0.806
25:02:10:11:21:59,626.39,-637.48,-1551.81,0.471
25:02:10:11:22:09,768.59,-648.6,-1700.42,0.891
25:02:10:11:22:09,768.59,-648.6,-1700.42,0.873
25:02:10:11:22:15,734.84,-702.64,-1598.35,0.732
25:02:10:11:22:17,744.09,-633.24,-1710.42,0.902
25:02:10:11:22:17,744.09,-633.24,-1710.42,0.898
25:02:10:11:22:32,746.32,-657.06,-1608.75,0.763
25:02:10:11:22:32,746.32,-657.06,-1608.75,0.59
25:02:10:11:22:43,655.47,-685.39,-1580.88,0.558
25:02:10:11:22:43,662.89,-552.75,-1567.24,0.661
25:02:10:11:22:51,655.31,-509.3,-1611.96,0.738
25:02:10:11:22:53,661.69,-520.59,-1625.82,0.678
25:02:10:11:22:58,593.35,-576.36,-1548.88,0.433
25:02:10:11:23:06,579.82,-571.32,-1506.03,0.385
25:02:10:11:23:06,606.79,-620.63,-1552.37,0.481
25:02:10:11:23:09,602.23,-555.46,-1644.2,0.517
25:02:10:11:23:19,703.04,-668.23,-1508.24,0.604
25:02:10:11:23:21,667.77,-543.14,-1708.62,0.932
25:02:10:11:23:30,634.47,-585.81,-1647.02,0.633
25:02:10:11:23:33,669.09,-601.46,-1614.35,0.677
25:02:10:11:23:37,659.04,-681.16,-1545.57,0.516
25:02:10:11:23:42,683.47,-597.36,-1609.22,0.705
25:02:10:11:23:48,660.6,-551.86,-1613.92,0.873
25:02:10:11:23:54,428.21,-919.88,-1498.57,0.639
25:02:10:11:23:55,684.19,-575.59,-1624.31,0.747
25:02:10:11:23:56,598.2,-612.12,-1548.93,0.396
25:02:10:11:23:57,732.33,-568.79,-1658.45,1.073
25:02:10:11:24:02,605.69,-598.23,-1496.93,0.422
25:02:10:11:24:09,681.45,-549,-1727.79,0.822
25:02:10:11:24:21,610.56,-607.63,-1571.69,0.409
25:02:10:11:24:37,708.78,-688.32,-1606.23,0.682
25:02:10:11:24:54,718.15,-708.38,-1690.88,0.788
25:02:10:11:24:54,718.15,-708.38,-1690.88,0.802
25:02:10:11:24:57,646.82,-650.89,-1543.66,0.463
25:02:10:11:24:59,676.12,-602.14,-1655.17,0.655
25:02:10:11:25:15,625.2,-636.81,-1678.8,0.664
25:02:10:11:25:15,679.35,-619.25,-1608.18,0.595
25:02:10:11:25:18,639.95,-633.45,-1671.12,0.601
25:02:10:11:25:18,774.05,-651.78,-1719.77,1.161
25:02:10:11:25:18,774.05,-651.78,-1719.77,1.237
25:02:10:11:25:18,774.05,-651.78,-1719.77,1.159
25:02:10:11:25:22,579.09,-687.91,-1548.92,0.389
25:02:10:11:25:23,585.31,-557.23,-1554.23,0.456
25:02:10:11:25:32,781.68,-694.61,-1501.38,0.75
25:02:10:11:25:35,614.49,-622.11,-1688.67,0.596
25:02:10:11:25:40,597.3,-595.96,-1556.77,0.484
25:02:10:11:25:41,617.15,-574.21,-1583.32,0.583
25:02:10:11:25:43,771.01,-675.87,-1739.28,0.999
25:02:10:11:25:49,532.19,-594.17,-1504.44,0.295
25:02:10:11:25:50,730.31,-683.76,-1594.08,0.782
25:02:10:11:25:54,604.81,-634.04,-1547.8,0.45
25:02:10:11:25:55,612.97,-586.22,-1554.17,0.489
25:02:10:11:26:03,731.03,-669.64,-1570.34,0.769
25:02:10:11:26:03,731.03,-669.64,-1570.34,0.741
25:02:10:11:26:05,630.33,-615.45,-1585.21,0.534
25:02:10:11:26:06,617.72,-528.46,-1587.77,0.545
25:02:10:11:26:18,661.72,-635.98,-1637.08,0.712
25:02:10:11:26:41,657.6,-557.44,-1669.28,0.704
25:02:10:11:26:42,615.09,-541.01,-1568.58,0.503
25:02:10:11:26:50,630.81,-565.36,-1665.49,0.644
25:02:10:11:27:06,679.21,-544.09,-1674.88,0.804
25:02:10:11:27:15,592.26,-612.76,-1555.3,0.53
25:02:10:11:27:20,601.06,-630.72,-1554.68,0.454
25:02:10:11:27:26,419.87,-672.19,-1599.97,0.142
25:02:10:11:27:28,594.83,-642.39,-1548.54,0.413
25:02:10:11:27:41,639.74,-552.97,-1569.49,0.532
25:02:10:11:27:44,623,-623.73,-1634.19,0.668
25:02:10:11:27:47,596.85,-551.71,-1550.82,0.593
25:02:10:11:27:50,674.32,-497.85,-1514.72,0.627
25:02:10:11:27:56,683.63,-567.52,-1627.35,0.795
25:02:10:11:28:03,685.59,-565.98,-1763.55,0.842
25:02:10:11:28:03,685.59,-565.98,-1763.55,0.823
25:02:10:11:28:07,582.38,-580.41,-1562.27,0.412
25:02:10:11:28:07,641.56,-543.33,-1614.3,0.608
25:02:10:11:28:10,618.33,-612.48,-1605.28,0.607
25:02:10:11:28:11,676.69,-572.76,-1597.85,0.585
25:02:10:11:28:11,589.08,-548.05,-1651.04,0.536
25:02:10:11:28:12,599.08,-654.82,-1507.65,0.376
25:02:10:11:28:14,595.14,-590.17,-1551.83,0.47
25:02:10:11:28:26,676.7,-528.01,-1500.45,0.558
25:02:10:11:28:28,621.74,-608.29,-1552.65,0.46
25:02:10:11:28:30,646.56,-574.73,-1668.16,0.665
25:02:10:11:28:31,628.78,-637.97,-1560.85,0.511
25:02:10:11:28:34,674.34,-547.66,-1581.1,0.653
25:02:10:11:28:37,615.7,-671.96,-1658.37,0.543
25:02:10:11:28:38,598.9,-642.32,-1554.59,0.492
25:02:10:11:28:41,633.03,-559.01,-1584.23,0.502
25:02:10:11:28:41,689.33,-575.4,-1635.32,0.699
25:02:10:11:28:43,657.31,-477.54,-1577.49,0.687
25:02:10:11:28:43,609.92,-535.35,-1592.07,0.569
25:02:10:11:28:45,634.22,-594.1,-1600.62,0.708
25:02:10:11:28:54,592.73,-564.95,-1585.69,0.462
25:02:10:11:28:57,622.64,-530.52,-1656.57,0.61
25:02:10:11:29:02,570.06,-561.27,-1659.08,0.515
25:02:10:11:29:04,649.44,-585.83,-1605.01,0.588
25:02:10:11:29:05,684.44,-497.04,-1585.22,0.738
25:02:10:11:29:11,733.42,-729.75,-1643.87,0.862
25:02:10:11:29:11,733.42,-729.75,-1643.87,0.875
25:02:10:11:29:17,656.58,-591.81,-1606.51,0.587
25:02:10:11:29:17,588.22,-509.04,-1552.56,0.471
25:02:10:11:29:18,708.59,-593.19,-1591.11,0.683
25:02:10:11:29:22,637.21,-489.48,-1717.25,0.732
25:02:10:11:29:26,668.32,-550.48,-1597.79,0.688
25:02:10:11:29:32,678.72,-545.9,-1657.29,0.674
25:02:10:11:29:33,743.4,-501.57,-1665.77,0.903
25:02:10:11:29:34,567.97,-573.79,-1698.68,0.499
25:02:10:11:29:41,712.4,-645.15,-1658.35,0.778
25:02:10:11:29:42,703.37,-548.65,-1606.04,0.678
25:02:10:11:29:44,663.16,-558.83,-1583.97,0.616
25:02:10:11:29:46,606.74,-618.59,-1594.68,0.495
25:02:10:11:29:54,637.77,-593.01,-1610.88,0.69
25:02:10:11:29:57,607.17,-535.67,-1567.29,0.613
25:02:10:11:29:57,559.31,-568.03,-1515.74,0.482
25:02:10:11:29:58,626.41,-642.07,-1675.32,0.647
25:02:10:11:30:01,639.44,-591.53,-1667.43,0.67
25:02:10:11:30:07,610.97,-446.02,-1624.69,0.589
25:02:10:11:30:07,610.97,-446.02,-1624.69,0.589
25:02:10:11:30:07,665.53,-535.46,-1620.19,0.713
25:02:10:11:30:09,584.19,-671.63,-1506.48,0.414
25:02:10:11:30:10,562.72,-620.8,-1625.43,0.502
25:02:10:11:30:11,607.72,-558.31,-1625.94,0.553
25:02:10:11:30:16,646.16,-573.36,-1585.28,0.592
25:02:10:11:30:20,523.72,-890.77,-1619.97,0.511
25:02:10:11:30:20,523.72,-890.77,-1619.97,0.511
25:02:10:11:30:20,616.05,-601.47,-1552.85,0.463
25:02:10:11:30:21,627.7,-585.74,-1678.3,0.592
25:02:10:11:30:22,633.69,-530.76,-1590.39,0.616
25:02:10:11:30:22,634.48,-570.95,-1684.52,0.689
25:02:10:11:30:28,683.4,-518.34,-1596.67,0.693
25:02:10:11:30:30,594.7,-596.93,-1519.36,0.393
25:02:10:11:30:30,630.95,-613.42,-1676.36,0.685
25:02:10:11:30:30,611.08,-628.16,-1664.98,0.603
25:02:10:11:30:32,591,-574.86,-1573.36,0.445
25:02:10:11:30:40,587.63,-627.91,-1612.96,0.442
25:02:10:11:30:42,671.22,-659.63,-1603.93,0.634
25:02:10:11:30:44,623.19,-636.64,-1675.03,0.632
25:02:10:11:30:49,689.75,-533.08,-1630.22,0.699
25:02:10:11:30:50,669.33,-546.14,-1612.26,0.673
25:02:10:11:30:52,675.75,-521.68,-1531.42,0.633
25:02:10:11:30:53,611.78,-624.99,-1652.67,0.585
25:02:10:11:30:56,578.31,-613.05,-1559.74,0.488
25:02:10:11:31:00,619.82,-622.7,-1649.02,0.553
25:02:10:11:31:01,674.2,-507.52,-1546.99,0.561
25:02:10:11:31:13,625.07,-573.85,-1592.46,0.687
25:02:10:11:31:16,475.92,-255.42,-1491.01,0.611
25:02:10:11:31:16,685.81,-500.75,-1584.25,0.649
25:02:10:11:31:16,668.46,-597.18,-1644.44,0.671
25:02:10:11:31:18,648.47,-612.53,-1662.2,0.973
25:02:10:11:31:20,688,-590.31,-1511.48,0.514
25:02:10:11:31:29,683.46,-345.59,-1583.79,0.769
25:02:10:11:31:33,747.52,-607.02,-1668.55,0.857
25:02:10:11:31:34,690.11,-539.28,-1669.29,0.837
25:02:10:11:31:37,614.17,-630.6,-1671.89,0.626
25:02:10:11:31:38,609.76,-588.68,-1666.62,0.668
25:02:10:11:31:39,599.9,-685.72,-1664.56,0.523
25:02:10:11:31:40,620.53,-608.37,-1621.87,0.518
25:02:10:11:31:40,596.32,-544.68,-1536.04,0.436
25:02:10:11:31:41,659.57,-526.76,-1517.11,0.547
25:02:10:11:31:45,600.38,-601.14,-1658.16,0.529
25:02:10:11:31:45,605,-620.74,-1585.19,0.452
25:02:10:11:31:46,674.99,-560.8,-1609.71,0.689
25:02:10:11:31:46,663.86,-571.06,-1565.14,0.591
25:02:10:11:31:48,569.68,-561.84,-1546.9,0.41
25:02:10:11:31:55,573.84,-661.47,-1555.09,0.426
25:02:10:11:31:58,677.9,-534.41,-1581.82,0.654
25:02:10:11:31:58,581.23,-512.71,-1649.01,0.507
25:02:10:11:31:59,578.39,-648.78,-1547.09,0.35
25:02:10:11:32:01,576.07,-637.16,-1621.85,0.592
25:02:10:11:32:13,721.93,-518.8,-1605.88,0.873
25:02:10:11:32:13,681.46,-635.34,-1579.59,0.904
25:02:10:11:32:15,572.26,-616.87,-1551.88,0.344
25:02:10:11:32:18,616.4,-565.31,-1559.39,0.536
25:02:10:11:32:19,617.1,-566.82,-1550.62,0.476
25:02:10:11:32:21,589.11,-582.74,-1605.81,0.485
25:02:10:11:32:28,661.14,-567.34,-1646.93,0.801
25:02:10:11:32:31,657.23,-585.78,-1588.58,0.623
25:02:10:11:32:34,616.1,-566.74,-1670.79,0.708
25:02:10:11:32:35,589.94,-671.09,-1649.17,0.516
25:02:10:11:32:39,601.95,-634.36,-1660.43,0.573
25:02:10:11:32:51,578.2,-618.58,-1667.36,0.507
25:02:10:11:32:51,763.21,-610.28,-1607.69,0.803
25:02:10:11:32:51,763.21,-610.28,-1607.69,0.668
25:02:10:11:33:03,690.3,-486.38,-1578.8,0.63
25:02:10:11:33:03,599.06,-616.39,-1633.34,0.605
25:02:10:11:33:07,601,-633.11,-1602.88,0.456
25:02:10:11:33:13,727.07,-565.59,-1597.23,0.716
25:02:10:11:33:13,710.23,-508.69,-1600.78,0.778
25:02:10:11:33:18,573.2,-593.4,-1564.62,0.308
25:02:10:11:33:21,637.83,-646.8,-1696.26,0.728
25:02:10:11:33:21,651.49,-640.69,-1654.22,0.765
25:02:10:11:33:23,676.07,-606.96,-1709.41,0.756
25:02:10:11:33:23,642.81,-531.1,-1683.7,0.728
25:02:10:11:33:24,617.39,-590.18,-1570.76,0.806
25:02:10:11:33:24,616.12,-605.14,-1575.13,0.572
25:02:10:11:33:26,712.8,-520.6,-1586.76,0.763
25:02:10:11:33:29,598.81,-673.86,-1663.75,0.497
25:02:10:11:33:31,803.53,-648.02,-1692.2,0.914
25:02:10:11:33:33,626.43,-678.45,-1636.18,0.556
25:02:10:11:33:37,740.86,-483.13,-1571.99,0.772
25:02:10:11:33:38,607.75,-607.24,-1683.12,0.537
25:02:10:11:33:38,748.87,-546.44,-1639.67,0.812
25:02:10:11:33:39,590.82,-656.54,-1555.57,0.355
25:02:10:11:33:41,596.52,-575.15,-1631.36,0.484
25:02:10:11:33:56,612.85,-614.01,-1630.56,0.558
25:02:10:11:33:57,607.72,-626.11,-1615.28,0.436
25:02:10:11:33:57,609.28,-561.81,-1693.26,0.581
25:02:10:11:34:03,641.12,-682.87,-1594.71,0.591
25:02:10:11:34:05,641.77,-596.49,-1610.17,0.51
25:02:10:11:34:05,614.75,-570.7,-1559,0.518
25:02:10:11:34:06,634.83,-575.98,-1685.67,0.684
25:02:10:11:34:06,608.04,-616.24,-1541.26,0.763
25:02:10:11:34:07,630.37,-610.12,-1637.55,0.577
25:02:10:11:34:08,617.55,-658.15,-1564.1,0.417
25:02:10:11:34:09,576.03,-565.97,-1567.52,0.399
25:02:10:11:34:12,652.84,-573.19,-1552.89,0.543
25:02:10:11:34:14,546.68,-522.78,-1654.06,0.426
25:02:10:11:34:16,638.62,-519.56,-1560.72,0.502
25:02:10:11:34:17,610.96,-599.35,-1649.82,0.56
25:02:10:11:34:17,639.99,-626.39,-1648.07,0.59
25:02:10:11:34:24,631.66,-560.3,-1660.88,0.721
25:02:10:11:34:26,361.54,-626.84,-1498.08,-0.114
25:02:10:11:34:26,361.54,-626.84,-1498.08,-0.114
25:02:10:11:34:28,622.39,-554.35,-1547.94,0.477
25:02:10:11:34:30,687.76,-478.88,-1610.46,0.679
25:02:10:11:34:31,611.89,-714.56,-1675.19,0.618
25:02:10:11:34:36,323.07,-354.7,-1499.49,0.283
25:02:10:11:34:41,588.64,-635.08,-1551.07,0.374
25:02:10:11:34:42,591.84,-558.09,-1603.03,0.434
25:02:10:11:34:44,655.7,-623.35,-1678.71,0.685
25:02:10:11:34:47,710.84,-533.91,-1640.06,0.718
25:02:10:11:34:47,566.27,-690.14,-1564.55,0.346
25:02:10:11:34:51,576.34,-647.97,-1553.25,0.36
25:02:10:11:34:51,616.9,-589.17,-1682.11,0.646
25:02:10:11:34:53,620.95,-609.68,-1676.46,0.597
25:02:10:11:34:54,599.5,-642.26,-1674.47,0.523
25:02:10:11:34:59,622.66,-523.75,-1659.36,0.59
25:02:10:11:35:02,589.46,-608.05,-1558.44,0.421
25:02:10:11:35:02,630.53,-502.51,-1601.68,0.587
25:02:10:11:35:04,549.18,-622.75,-1553.17,0.303
25:02:10:11:35:06,634.25,-607.73,-1545.25,0.473
25:02:10:11:35:06,643.36,-599.75,-1644.16,0.582
25:02:10:11:35:06,633.57,-565.85,-1672.43,0.608
25:02:10:11:35:08,640.23,-539.9,-1675.59,0.985
25:02:10:11:35:09,602.82,-628.07,-1666.13,0.588
25:02:10:11:35:12,652.54,-625.32,-1649.79,0.67
25:02:10:11:35:12,663.18,-578.58,-1592.17,0.608
25:02:10:11:35:14,583.61,-650.67,-1570.8,0.353
25:02:10:11:35:19,711.12,-551.94,-1694.67,0.795
25:02:10:11:35:20,630.25,-616.68,-1557.4,0.543
25:02:10:11:35:22,592.84,-652.67,-1628.87,0.615
25:02:10:11:35:26,638.54,-586.01,-1618.86,0.782
25:02:10:11:35:27,587.97,-603.86,-1636.13,0.493
25:02:10:11:35:30,579.25,-627.15,-1623.51,0.656
25:02:10:11:35:31,587.03,-595.73,-1638.45,0.566
25:02:10:11:35:35,650.53,-598.58,-1688.99,0.645
25:02:10:11:35:37,605.83,-617.96,-1611.8,0.508
25:02:10:11:35:37,620.14,-636.72,-1689.51,0.593
25:02:10:11:35:39,624.61,-702.49,-1622.58,0.539
25:02:10:11:35:43,570.89,-635.06,-1669.29,0.604
25:02:10:11:35:47,629.2,-562.83,-1684.42,0.695
25:02:10:11:35:47,591.69,-597,-1679.6,0.543
25:02:10:11:35:50,611.23,-604.41,-1668.98,0.608
25:02:10:11:35:54,591.73,-611.03,-1630.81,0.47
25:02:10:11:35:54,600.28,-653.67,-1672.92,0.527
25:02:10:11:35:58,624.05,-580.4,-1661.23,0.697
25:02:10:11:36:02,598.3,-589.41,-1636.15,0.48
25:02:10:11:36:02,615.49,-535.48,-1557.6,0.457
25:02:10:11:36:04,651.57,-629.42,-1644,0.582
25:02:10:11:36:06,610.73,-539.2,-1644.39,0.625
25:02:10:11:36:08,635.44,-598.84,-1664.7,0.708
25:02:10:11:36:09,649.06,-508.99,-1682.67,0.68
25:02:10:11:36:10,567.31,-644.68,-1634.48,0.434
25:02:10:11:36:11,660.62,-567.35,-1723.11,0.751
25:02:10:11:36:11,546.08,-638.47,-1518.47,0.456
25:02:10:11:36:14,630.1,-594.39,-1670.37,0.613
25:02:10:11:36:14,617.53,-640.13,-1685.38,0.713
25:02:10:11:36:17,626.8,-614.57,-1685.14,0.657
25:02:10:11:36:19,642.59,-588.8,-1676.71,0.661
25:02:10:11:36:20,597.8,-583.12,-1644.55,0.682
25:02:10:11:36:23,558.59,-646.15,-1705.93,0.537
25:02:10:11:36:24,601.31,-640.17,-1650.41,0.536
25:02:10:11:36:25,578.91,-509.56,-1682.38,0.54
25:02:10:11:36:26,593.38,-614.77,-1683.74,0.558
25:02:10:11:36:26,590.81,-642.77,-1625.51,0.437
25:02:10:11:36:39,626.46,-589.03,-1610.86,0.483
25:02:10:11:36:41,701,-501.57,-1692.14,0.783
25:02:10:11:36:41,476.74,-628.32,-1586.13,0.235
25:02:10:11:36:41,476.74,-628.32,-1586.13,0.299
25:02:10:11:36:45,669.72,-605.15,-1662.54,0.807
25:02:10:11:36:46,617.15,-627.62,-1681.64,0.841
25:02:10:11:36:46,593.95,-624.3,-1574.25,0.687
25:02:10:11:36:50,600.14,-589.75,-1667.31,0.65
25:02:10:11:36:52,606.84,-646.69,-1658.48,0.562
25:02:10:11:36:54,637.44,-600.35,-1672.36,0.83
25:02:10:11:36:55,666.71,-536.64,-1628.9,0.689
25:02:10:11:36:56,595.59,-620.86,-1667.28,0.531
25:02:10:11:37:02,671.52,-557.03,-1593.14,0.629
25:02:10:11:37:02,587.91,-595.43,-1637.87,0.504
25:02:10:11:37:02,624.71,-604.24,-1667.71,0.614
25:02:10:11:37:07,591.19,-600.55,-1543.65,0.465
25:02:10:11:37:08,609.95,-579.65,-1593.17,0.456
25:02:10:11:37:11,625.2,-596.03,-1673.42,0.732
25:02:10:11:37:14,584.02,-587.22,-1552.03,0.381
25:02:10:11:37:16,571.13,-636.64,-1675.55,0.558
25:02:10:11:37:17,638.69,-566.68,-1644.37,0.67
25:02:10:11:37:19,703.92,-546.75,-1604.82,0.675
25:02:10:11:37:23,634.88,-588.06,-1683.18,0.692
25:02:10:11:37:24,569.73,-650.92,-1678.68,0.599
25:02:10:11:37:25,589.28,-565.17,-1698.76,0.618
25:02:10:11:37:26,580.3,-682.27,-1668.92,0.513
25:02:10:11:37:28,724.84,-557.6,-1489.93,0.787
25:02:10:11:37:29,703.52,-558.55,-1647.2,0.682
25:02:10:11:37:31,689.82,-637.89,-1649.32,0.71
25:02:10:11:37:32,583.27,-589.1,-1600.93,0.361
25:02:10:11:37:33,599.68,-582.39,-1687.62,0.636
25:02:10:11:37:34,590.33,-646.54,-1628.94,0.542
25:02:10:11:37:35,573,-599.73,-1617.67,0.42
25:02:10:11:37:38,622.02,-615.59,-1675.53,0.661
25:02:10:11:37:38,575.75,-737.13,-1638.51,0.472
25:02:10:11:37:40,604.27,-50.37,-1506.73,1.262
25:02:10:11:37:41,548.78,-530.53,-1620.06,0.43
25:02:10:11:37:42,605.46,-604.33,-1624.53,0.492
25:02:10:11:37:43,611.77,-614.81,-1695.5,0.674
25:02:10:11:37:43,619.5,-609.46,-1673.81,0.991
25:02:10:11:37:46,589.51,-650.99,-1556.68,0.379
25:02:10:11:37:47,592.77,-703.67,-1552.42,0.456
25:02:10:11:37:51,620.4,-609.88,-1646.35,0.622
25:02:10:11:37:52,688.86,-618.36,-1539.83,0.575
25:02:10:11:37:52,378.31,-657.69,-1517.2,-0.051
25:02:10:11:37:52,378.31,-657.69,-1517.2,-0.051
25:02:10:11:37:53,624.94,-593.57,-1659.19,0.687
25:02:10:11:37:55,734.86,-520.05,-1709.29,0.848
25:02:10:11:37:56,601.3,-637.06,-1617.24,0.485
25:02:10:11:37:57,613.46,-595.76,-1679.08,0.698
25:02:10:11:37:58,629.63,-619.53,-1546.15,0.434
25:02:10:11:37:59,627.72,-599.98,-1662.14,0.751
25:02:10:11:38:01,606.62,-610.62,-1666.66,0.673
25:02:10:11:38:05,610.13,-586.58,-1628.14,0.588
25:02:10:11:38:09,658.26,-522.54,-1567.98,0.603
25:02:10:11:38:10,644.15,-550.46,-1624.39,0.57
25:02:10:11:38:11,580.05,-574.26,-1652.76,0.509
25:02:10:11:38:14,869.91,-990.15,-1562.85,1.198
25:02:10:11:38:15,598.66,-637.84,-1630.54,0.532
25:02:10:11:38:17,573.95,-601.74,-1545.88,0.339
25:02:10:11:38:17,591.24,-640.84,-1656.75,0.656
25:02:10:11:38:18,589.13,-601.59,-1654.47,0.559
25:02:10:11:38:19,642.8,-693.53,-1668.81,0.599
25:02:10:11:38:20,619.48,-608.58,-1679.91,0.75
25:02:10:11:38:22,598.78,-639.07,-1634.67,0.54
25:02:10:11:38:25,579.21,-623.61,-1664.84,0.815
25:02:10:11:38:26,591.69,-625.82,-1648.26,0.494
25:02:10:11:38:28,578.13,-703.31,-1546.64,0.356
25:02:10:11:38:30,630.91,-619.26,-1682.51,0.775
25:02:10:11:38:31,598.99,-598.37,-1640.8,0.588
25:02:10:11:38:33,632.41,-583.26,-1630.85,0.605
25:02:10:11:38:35,555.07,-621.26,-1586.7,0.343
25:02:10:11:38:37,609.9,-531.46,-1702.23,0.641
25:02:10:11:38:38,579.38,-638.49,-1565.29,0.35
25:02:10:11:38:39,662.71,-595.86,-1677.35,0.701
25:02:10:11:38:42,625.35,-624.17,-1671.56,0.663
25:02:10:11:38:43,634.66,-651.09,-1690.89,0.761
25:02:10:11:38:43,621.79,-609.93,-1671.91,0.738
25:02:10:11:38:44,581.53,-605.17,-1600.05,0.467
25:02:10:11:38:53,576.63,-621.86,-1571.43,0.396
25:02:10:11:38:55,635.39,-599.14,-1689.25,0.711
25:02:10:11:38:56,585.08,-621.72,-1627.59,0.492
25:02:10:11:39:04,606.93,-615.75,-1671.02,0.696
25:02:10:11:39:04,604.18,-631.36,-1668.21,0.662
25:02:10:11:39:12,579.52,-709.69,-1696.98,0.687
25:02:10:11:39:12,475.33,-618.81,-1537.95,0.301
25:02:10:11:39:12,571.78,-667.69,-1625.43,0.532
25:02:10:11:39:13,572.1,-581.76,-1648.15,0.483
25:02:10:11:39:13,675.64,-569.09,-1589.34,0.628
25:02:10:11:39:15,595.07,-632.17,-1645.92,0.87
25:02:10:11:39:15,589.17,-631.89,-1567.47,0.783
25:02:10:11:39:15,595.95,-681.37,-1632.52,0.458
25:02:10:11:39:16,565.45,-670.86,-1596.65,0.449
25:02:10:11:39:19,630.21,-630.96,-1675.09,0.736
25:02:10:11:39:19,905.57,-612.19,-1603.11,1.107
25:02:10:11:39:19,905.57,-612.19,-1603.11,0.633
25:02:10:11:39:20,597.56,-631.63,-1556.16,0.397
25:02:10:11:39:22,607.57,-676.3,-1562.84,0.416
25:02:10:11:39:22,603.02,-642.78,-1630.58,0.518
25:02:10:11:39:30,579.39,-609,-1582.37,0.409
25:02:10:11:39:31,602.35,-607.14,-1647.97,0.553
25:02:10:11:39:33,738.64,-576.96,-1592.51,0.825
25:02:10:11:39:33,660.29,-591.76,-1622.97,0.669
25:02:10:11:39:36,654.67,-603.11,-1662.6,0.67
25:02:10:11:39:37,643.5,-610.4,-1620.38,0.642
25:02:10:11:39:38,596.65,-597.48,-1653.65,0.624
25:02:10:11:39:38,692.74,-524.84,-1512.39,0.714
25:02:10:11:39:39,441.73,-559.26,-1519.31,0.242
25:02:10:11:39:39,671.84,-556.16,-1596.93,0.73
25:02:10:11:39:42,589.85,-637.64,-1684.7,0.572
25:02:10:11:39:48,592.71,-624.67,-1634.13,0.607
25:02:10:11:39:49,609.31,-568.08,-1571.8,0.506
25:02:10:11:39:52,610.29,-571.86,-1662.32,0.601
25:02:10:11:39:54,583.32,-669.78,-1648.87,0.438
25:02:10:11:39:57,572.55,-631.2,-1656.14,0.537
25:02:10:11:39:58,607.78,-582.86,-1662.01,0.571
25:02:10:11:39:58,595.18,-565.22,-1628.38,0.544
25:02:10:11:40:01,641.6,-629.07,-1650.5,0.566
25:02:10:11:40:01,591.52,-560.91,-1678.19,0.583
25:02:10:11:40:02,594.46,-591.96,-1657.8,0.672
25:02:10:11:40:04,629.55,-589.3,-1547.71,0.475
25:02:10:11:40:04,612.12,-629.77,-1666.8,0.627
25:02:10:11:40:06,481.86,-592.22,-1567.01,0.253
25:02:10:11:40:06,481.86,-592.22,-1567.01,0.363
25:02:10:11:40:07,639.26,-622.39,-1681.91,0.681
25:02:10:11:40:10,598.22,-634.48,-1675.08,0.585
25:02:10:11:40:12,596.32,-686.83,-1616.57,0.506
25:02:10:11:40:13,635.13,-622,-1665.2,0.691
25:02:10:11:40:17,616.21,-502.23,-1670.84,0.589
25:02:10:11:40:18,563.08,-596.62,-1557.53,0.334
25:02:10:11:40:19,620.27,-573.64,-1555.17,0.46
25:02:10:11:40:20,577.09,-603.36,-1550.6,0.423
25:02:10:11:40:21,603.06,-605,-1590.15,0.502
25:02:10:11:40:21,586,-569.65,-1651.21,0.56
25:02:10:11:40:22,576.27,-621.03,-1667.22,0.551
25:02:10:11:40:23,602.58,-629.95,-1668.44,0.602
25:02:10:11:40:24,593.81,-541.12,-1700.03,0.61
25:02:10:11:40:25,631.56,-595.44,-1670,0.719
25:02:10:11:40:25,614.35,-609.43,-1684.96,0.761
25:02:10:11:40:25,764.91,-612.98,-1569.86,0.78
25:02:10:11:40:25,764.91,-612.98,-1569.86,0.78
25:02:10:11:40:26,600.91,-624.06,-1634.82,0.558
25:02:10:11:40:27,607.26,-595.88,-1624.37,0.526
25:02:10:11:40:30,627.09,-614.49,-1643.92,0.596
25:02:10:11:40:31,597.89,-590.33,-1660.94,0.609
25:02:10:11:40:31,588.42,-611.09,-1666.4,0.568
25:02:10:11:40:33,627.41,-598.03,-1666.02,0.646
25:02:10:11:40:41,578.65,-552.06,-1647.46,0.543
25:02:10:11:40:42,616.1,-576.16,-1635.1,0.487
25:02:10:11:40:42,639.61,-624.25,-1675.58,0.729
25:02:10:11:40:42,695.49,-548.75,-1636.66,0.67
25:02:10:11:40:43,598.58,-621.63,-1641.65,0.53
25:02:10:11:40:44,588.12,-647.2,-1666.49,0.496
25:02:10:11:40:46,598.36,-583.49,-1555.47,0.423
25:02:10:11:40:48,583.62,-645.8,-1658.21,0.564
25:02:10:11:40:50,610.81,-616.83,-1551.74,0.435
25:02:10:11:40:55,649.64,-591.52,-1553.33,0.511
25:02:10:11:40:58,598.33,-652.59,-1656.12,0.581
25:02:10:11:41:01,601.02,-669.83,-1549.93,0.42
25:02:10:11:41:03,554.3,-601.72,-1684.83,0.475
25:02:10:11:41:09,579.77,-673.95,-1577.56,0.426
25:02:10:11:41:11,620.04,-630.37,-1686.94,0.721
25:02:10:11:41:16,646.46,-595.29,-1689.65,0.688
25:02:10:11:41:17,649.22,-579.02,-1682.66,0.753
25:02:10:11:41:18,587.18,-563.35,-1555.33,0.415
25:02:10:11:41:21,629.72,-586.61,-1647.21,0.602
25:02:10:11:41:22,574.01,-636.92,-1619.61,0.473
25:02:10:11:41:27,672.93,-550.27,-1603.23,0.739
25:02:10:11:41:27,577.79,-593.9,-1496.25,0.487
25:02:10:11:41:28,588.54,-652.99,-1540.05,0.519
25:02:10:11:41:29,579.12,-605.19,-1659.38,0.595
25:02:10:11:41:30,591.05,-580.25,-1694.61,0.561
25:02:10:11:41:32,639.72,-588.75,-1569.1,0.54
25:02:10:11:41:33,565.51,-594.56,-1670.34,0.507
25:02:10:11:41:35,546.23,-620.84,-1507.97,0.353
25:02:10:11:41:36,611.24,-541.73,-1566.39,0.468
25:02:10:11:41:40,621.23,-635.89,-1614.23,0.472
25:02:10:11:41:44,618.83,-511.4,-1595.94,0.498
25:02:10:11:41:45,628.21,-555.39,-1634.88,0.574
25:02:10:11:41:48,461.09,-157.09,-1493.28,1.014
25:02:10:11:41:49,606.7,-656.11,-1534.03,0.461
25:02:10:11:41:51,624.91,-634.86,-1558.2,0.839
25:02:10:11:41:52,612.21,-535.79,-1563.94,0.529
25:02:10:11:41:56,582.64,-639.66,-1687.17,0.555
25:02:10:11:41:57,634.71,-624.18,-1577.24,0.528
25:02:10:11:41:58,589.25,-640.83,-1651.15,0.603
25:02:10:11:41:59,651.66,-656.52,-1517.25,0.485
25:02:10:11:41:59,572.82,-590.57,-1647.82,0.466
25:02:10:11:42:01,608.03,-610.99,-1669.97,0.567
25:02:10:11:42:02,585.7,-657.46,-1642.68,0.484
25:02:10:11:42:02,602.54,-651.76,-1659.88,0.586
25:02:10:11:42:06,627.05,-581.38,-1548.67,0.435
25:02:10:11:42:06,644.08,-544.1,-1573.43,0.573
25:02:10:11:42:06,569.47,-645.96,-1677.37,0.58
25:02:10:11:42:08,672.25,-613.76,-1604.38,0.671
25:02:10:11:42:08,425.88,-593.21,-1490.9,0.061
25:02:10:11:42:08,425.88,-593.21,-1490.9,0.061
25:02:10:11:42:10,629.57,-613.16,-1662.5,0.735
25:02:10:11:42:12,644.93,-613.5,-1683.92,0.792
25:02:10:11:42:16,618.51,-618.87,-1552.51,0.458
25:02:10:11:42:18,596.09,-612.04,-1660.63,0.552
25:02:10:11:42:21,566.99,-530.93,-1472.05,0.322
25:02:10:11:42:21,621.51,-580.77,-1598.99,0.501
25:02:10:11:42:22,419.41,-549.78,-1555.81,0.255
25:02:10:11:42:23,612.71,-663.42,-1662.45,0.636
25:02:10:11:42:24,562.96,-603.49,-1716.08,0.615
25:02:10:11:42:23,641.9,-603.85,-1679.32,0.76
25:02:10:11:42:24,555.66,-577.38,-1569.23,0.506
25:02:10:11:42:26,587.81,-577.54,-1698.97,0.578
25:02:10:11:42:26,634.81,-547.54,-1566.04,0.651
25:02:10:11:42:27,655.27,-656.61,-1662.95,0.612
25:02:10:11:42:29,603.18,-572.68,-1695.83,0.606
25:02:10:11:42:30,590.27,-576.72,-1720.21,0.658
25:02:10:11:42:32,605.98,-580.13,-1549.96,0.44
25:02:10:11:42:33,580.28,-629.06,-1650.59,0.552
25:02:10:11:42:35,666.66,-600.1,-1731.19,0.743
25:02:10:11:42:35,572.95,-654.94,-1642.61,0.508
25:02:10:11:42:36,556.28,-768,-1438.36,0.3
25:02:10:11:42:36,608.6,-552.37,-1576.81,0.446
25:02:10:11:42:39,632.96,-543.16,-1650.88,0.591
25:02:10:11:42:41,607.31,-557.08,-1697.42,0.792
25:02:10:11:42:44,574.56,-614.13,-1654.38,0.513
25:02:10:11:42:45,595.53,-627.66,-1597.47,0.511
25:02:10:11:42:46,581.92,-637.62,-1551.44,0.513
25:02:10:11:42:47,688.23,-546.38,-1597.75,0.675
25:02:10:11:42:47,681.8,-553.64,-1575.01,0.641
25:02:10:11:42:48,588.36,-594.25,-1554.76,0.409
25:02:10:11:42:49,637.66,-586.58,-1577.22,0.51
25:02:10:11:42:50,596.85,-610.31,-1627.98,0.544
25:02:10:11:42:54,653.47,-641.99,-1675.36,0.658
25:02:10:11:42:56,591.44,-642.41,-1567.57,0.441
25:02:10:11:43:00,615.74,-565.87,-1553.93,0.517
25:02:10:11:43:00,621.9,-686.71,-1673.66,0.571
25:02:10:11:43:02,626.09,-519.65,-1696.89,0.628
25:02:10:11:43:04,630.15,-571.08,-1694.61,0.759
25:02:10:11:43:05,570.96,-574.68,-1542.64,0.366
25:02:10:11:43:05,568.02,-665.26,-1543.04,0.31
25:02:10:11:43:06,614.14,-634.58,-1652.1,0.514
25:02:10:11:43:07,602.3,-615.75,-1621.26,0.495
25:02:10:11:43:09,602,-602.69,-1542.15,0.406
25:02:10:11:43:12,588.28,-663.65,-1658.84,0.432
25:02:10:11:43:12,598.07,-656.55,-1616.33,0.397
25:02:10:11:43:12,631.85,-576.3,-1692.22,0.656
25:02:10:11:43:14,-373.54,-254.2,-1764.13,1.554
25:02:10:11:43:17,643.7,-601.54,-1711.03,1.106
25:02:10:11:43:17,643.7,-601.54,-1711.03,1.096
25:02:10:11:43:18,594.84,-611.58,-1695.79,0.606
25:02:10:11:43:20,638.41,-579.42,-1588.74,0.475
25:02:10:11:43:20,583.82,-577.28,-1641.8,0.526
25:02:10:11:43:27,646.37,-613.99,-1563.35,0.489
25:02:10:11:43:28,636.88,-595.48,-1711.64,0.778
25:02:10:11:43:32,632.03,-612.28,-1699.63,0.682
25:02:10:11:43:33,588.29,-635.9,-1662.12,0.728
25:02:10:11:43:35,597.56,-604.51,-1552.47,0.531
25:02:10:11:43:35,572.38,-602.43,-1548.32,0.495
25:02:10:11:43:39,619.56,-569.75,-1622.62,0.476
25:02:10:11:43:43,619.35,-584.62,-1508.08,0.429
25:02:10:11:43:44,646.21,-700.66,-1665.67,0.595
25:02:10:11:43:45,686.85,-494.27,-1618.27,0.654
25:02:10:11:43:47,649.73,-613.11,-1642.68,0.556
25:02:10:11:43:51,577.22,-520.99,-1681.98,0.497
25:02:10:11:43:53,659.4,-591.52,-1660.13,0.606
25:02:10:11:43:54,598.98,-710.39,-1688.86,0.542
25:02:10:11:43:57,603.13,-610.12,-1632.47,0.524
25:02:10:11:43:57,578.25,-621.69,-1561.69,0.406
25:02:10:11:44:03,605.94,-575.87,-1660.48,0.828
25:02:10:11:44:05,681.33,-537.46,-1657.87,0.661
25:02:10:11:44:10,601.99,-619.12,-1666.3,0.517
25:02:10:11:44:18,647.43,-624.38,-1682.65,0.615
25:02:10:11:44:20,648.51,-649.99,-1644.05,0.575
25:02:10:11:44:30,595.48,-603.28,-1563.48,0.451
25:02:10:11:44:30,603.25,-618.41,-1636.97,0.449
25:02:10:11:44:33,662.33,-543.54,-1658.09,0.646
25:02:10:11:44:35,685.54,-536.1,-1583.96,0.597
25:02:10:11:44:37,583.73,-630.65,-1665.82,0.541
25:02:10:11:44:38,609.74,-619.01,-1665.14,0.551
25:02:10:11:44:42,648.68,-647.7,-1659.37,0.708
25:02:10:11:44:43,635.15,-622.7,-1639.9,0.584
25:02:10:11:44:44,636.55,-592.22,-1663.24,0.617
25:02:10:11:44:45,600.59,-649.75,-1655.47,0.478
25:02:10:11:44:45,637.33,-698.64,-1656.42,0.571
25:02:10:11:44:58,652.32,-540.81,-1697.2,0.67
25:02:10:11:44:59,637.15,-547.51,-1699.66,0.635
25:02:10:11:45:08,605.3,-670.97,-1658.36,0.518
25:02:10:11:45:12,604.34,-606.42,-1669.99,0.533
25:02:10:11:45:19,674.31,-555.59,-1667.02,0.707
25:02:10:11:45:21,594.3,-643.89,-1642.65,0.505
25:02:10:11:45:33,619.12,-556.46,-1685.25,0.69
25:02:10:11:45:36,576.82,-631.41,-1667.03,0.444
25:02:10:11:45:36,540.59,-612.27,-1556.94,0.252
25:02:10:11:45:39,593.14,-551.94,-1668.69,0.569
25:02:10:11:45:50,608.46,-590.05,-1604.86,0.629
25:02:10:11:45:57,595.37,-642.15,-1650.82,0.557
25:02:10:11:45:59,655.36,-532.66,-1599.55,0.629
25:02:10:11:46:10,590.29,-607.09,-1568.81,0.993
25:02:10:11:46:17,593.64,-624.41,-1653.78,0.495
25:02:10:11:46:17,655.1,-678.14,-1770.38,0.838
25:02:10:11:46:17,655.1,-678.14,-1770.38,0.838
25:02:10:11:46:23,647.21,-547.86,-1556.98,0.705
